"Name","Pin","Function","Symbolic Name","Drive Capacity","IRQ","Mode","Output type","Pull up","Port Capabilities","Comment"
"AVCC0","L7","ADC_AVCC0","","","","","","","",""
"AVSS0","L8","ADC_AVSS0","","","","","","","",""
"P000","L10","","","","","Disabled","","","ADC0: AN00
CMP0: IVCMP2
IRQ0: IRQ06",""
"P001","N10","ADC0_AN01","Mic","","","Analog mode","","","ADC0: AN01
CMP0: IVCMP2
IRQ0: IRQ07","Microphone Input"
"P002","M10","","","","","Disabled","","","ADC0: AN02
CMP0: IVCMP2
IRQ0: IRQ08",""
"P003","K10","","","","","Disabled","","","ADC0: AN07
ADC0: PGAVSS0",""
"P004","K9","","","","","Disabled","","","ADC1: AN00
CMP0: IVCMP2
IRQ0: IRQ09",""
"P005","K8","","","","","Disabled","","","ADC1: AN01
CMP0: IVCMP2
IRQ0: IRQ10",""
"P006","L9","","","","","Disabled","","","ADC1: AN02
CMP0: IVCMP2
IRQ0: IRQ11",""
"P007","K7","","","","","Disabled","","","ADC1: AN07
ADC1: PGAVSS0",""
"P008","N9","GPIO","OUT1","","None","Output mode (Initial High)","CMOS","None","ADC0: AN03
IRQ0: IRQ12",""
"P009","M9","GPIO","OUT2","","None","Output mode (Initial High)","CMOS","None","ADC0: AN04
IRQ0: IRQ13",""
"P014","N6","","","","","Disabled","","","ADC0: AN05
ADC1: AN05
CMP0: IVREF3
DAC120: DA",""
"P015","M6","","","","","Disabled","","","ADC0: AN06
ADC1: AN06
CMP0: IVCMP1
DAC121: DA
IRQ0: IRQ13",""
"P100","N1","IIC1_SCL","","Medium","None","Peripheral mode","n-ch open drain","None","AGT0: AGTIO
BUS0: D0_DQ0
GLCDC0: LCD_EXTCLK
GPT5: GTIOCB
IIC1: SCL
IRQ0: IRQ02
KINT0: KRM0
POEG0: GTETRG
SCI0: RXD_MISO
SCI0: SCL
SCI1: SCK
SPI0: MISO",""
"P101","M2","IIC1_SDA","","Medium","None","Peripheral mode","n-ch open drain","None","AGT0: AGTEE
BUS0: D1_DQ1
GLCDC0: LCD_CLK
GPT5: GTIOCA
IIC1: SDA
IRQ0: IRQ01
KINT0: KRM1
POEG1: GTETRG
SCI0: SDA
SCI0: TXD_MOSI
SCI1: CTS_RTS_SS
SPI0: MOSI",""
"P102","M1","GPIO","LED1","Low","","Output mode (Initial Low)","CMOS","None","ADC0: ADTRG
AGT0: AGTO
BUS0: D2_DQ2
CAN0: CRX
GLCDC0: LCD_TCON0
GPT2: GTIOCB
KINT0: KRM2
OPS0: GTOWLO
SCI0: SCK
SPI0: RSPCK",""
"P103","L1","GPIO","LED2","Low","","Output mode (Initial Low)","CMOS","None","BUS0: D3_DQ3
CAN0: CTX
GLCDC0: LCD_TCON1
GPT2: GTIOCA
KINT0: KRM3
OPS0: GTOWUP
SCI0: CTS_RTS_SS
SPI0: SSL0",""
"P104","L3","","","","","Disabled","","","BUS0: D4_DQ4
GLCDC0: LCD_TCON2
GPT1: GTIOCB
IRQ0: IRQ01
KINT0: KRM4
POEG1: GTETRG
SCI8: RXD_MISO
SCI8: SCL
SPI0: SSL1",""
"P105","J4","","","","","Disabled","","","BUS0: D5_DQ5
GLCDC0: LCD_TCON3
GPT1: GTIOCA
IRQ0: IRQ00
KINT0: KRM5
POEG0: GTETRG
SCI8: SDA
SCI8: TXD_MOSI
SPI0: SSL2",""
"P106","K3","","","","","Disabled","","","AGT0: AGTOB
BUS0: D6_DQ6
GLCDC0: LCD_DATA00
GPT8: GTIOCB
KINT0: KRM6
SCI8: SCK
SPI0: SSL3",""
"P107","J3","","","","","Disabled","","","AGT0: AGTOA
BUS0: D7_DQ7
GLCDC0: LCD_DATA01
GPT8: GTIOCA
KINT0: KRM7
SCI8: CTS_RTS_SS",""
"P108","A1","DEBUG0_TMS","","Low","","Peripheral mode","CMOS","None","DEBUG0: SWDIO
DEBUG0: TMS
GPT0: GTIOCB
OPS0: GTOULO
SCI9: CTS_RTS_SS
SPI1: SSL0",""
"P109","D4","DEBUG0_TDO","","Low","","Peripheral mode","CMOS","None","CAN1: CTX
CGC0: CLKOUT
DEBUG0: SWO
DEBUG0: TDO
GPT1: GTIOCA
OPS0: GTOVUP
SCI9: SDA
SCI9: TXD_MOSI
SPI1: MOSI",""
"P110","B1","DEBUG0_TDI","","Low","None","Peripheral mode","CMOS","None","CAN1: CRX
CMP0: VCOUT
DEBUG0: TDI
GPT1: GTIOCB
IRQ0: IRQ03
OPS0: GTOVLO
SCI2: CTS_RTS_SS
SCI9: RXD_MISO
SCI9: SCL
SPI1: MISO",""
"P111","C2","GPIO","INP1","","IRQ4","Input mode","","input pull-up","BUS0: A05
GLCDC0: LCD_DATA12
GPT3: GTIOCA
IRQ0: IRQ04
SCI2: SCK
SCI9: SCK
SPI1: RSPCK",""
"P112","D3","","","","","Disabled","","","BUS0: A04
GLCDC0: LCD_DATA11
GPT3: GTIOCB
SCI1: SCK
SCI2: SDA
SCI2: TXD_MOSI
SPI1: SSL0
SSI0: SSISCK",""
"P113","C1","GPIO","LED3","Low","","Output mode (Initial Low)","CMOS","None","BUS0: A03
GLCDC0: LCD_DATA10
GPT2: GTIOCA
SCI2: RXD_MISO
SCI2: SCL
SSI0: SSIWS",""
"P114","E4","","","","","Disabled","","","BUS0: A02
GLCDC0: LCD_DATA09
GPT2: GTIOCB
SSI0: SSIRXD",""
"P115","E3","","","","","Disabled","","","BUS0: A01
GLCDC0: LCD_DATA08
GPT4: GTIOCA
SSI0: SSITXD",""
"P200","C8","","","","","Disabled","","","IRQ0: NMI",""
"P201","B6","","","","","Disabled","","","",""
"P202","C9","SPI1_MISO","","Low","None","Peripheral mode","CMOS","None","BUS0: WR1_BC1
CAN0: CRX
ETHERC0: ERXD2
GLCDC0: LCD_TCON3
GPT5: GTIOCB
IRQ0: IRQ03
SCI2: SCK
SCI9: RXD_MISO
SCI9: SCL
SDHI0: DAT6
SPI1: MISO",""
"P203","A9","SPI1_MOSI","","Low","None","Peripheral mode","CMOS","None","BUS0: A19
CAN0: CTX
CTSU0: TSCAP
ETHERC0: COL
GPT5: GTIOCA
IRQ0: IRQ02
SCI2: CTS_RTS_SS
SCI9: SDA
SCI9: TXD_MOSI
SDHI0: DAT5
SPI1: MOSI",""
"P204","C10","SPI1_RSPCK","","Low","","Peripheral mode","CMOS","None","AGT1: AGTIO
BUS0: A18
CAC0: CACREF
CTSU0: TS00
ETHERC0: RX_DV
GPT4: GTIOCB
IIC0: SCL
OPS0: GTIW
SCI4: SCK
SCI9: SCK
SDHI0: DAT4
SPI1: RSPCK
SSI1: SSISCK
USBFS0: OVRCURB",""
"P205","A10","SPI1_SSL0","","Low","None","Peripheral mode","CMOS","None","AGT1: AGTO
BUS0: A16
CGC0: CLKOUT
CTSU0: TSCAP
ETHERC0: WOL
ETHERC0: WOL
GPT4: GTIOCA
IIC1: SCL
IRQ0: IRQ01
OPS0: GTIV
SCI4: SDA
SCI4: TXD_MOSI
SCI9: CTS_RTS_SS
SDHI0: DAT3
SPI1: SSL0
SSI1: SSIWS
USBFS0: OVRCURA",""
"P206","B10","SPI1_SSL1","","Low","None","Peripheral mode","CMOS","None","BUS0: WAIT
CTSU0: TS01
ETHERC0: LINKSTA
ETHERC0: LINKSTA
IIC1: SDA
IRQ0: IRQ00
OPS0: GTIU
SCI4: RXD_MISO
SCI4: SCL
SDHI0: DAT2
SPI1: SSL1
SSI1: SSIDATA
USBFS0: VBUSEN",""
"P207","C11","SPI1_SSL2","","Low","","Peripheral mode","CMOS","None","BUS0: A17
CTSU0: TS02
GLCDC0: LCD_DATA23
QSPI0: QSSL
SPI1: SSL2",""
"P208","A6","","","","","Disabled","","","ETHERC0: LINKSTA
ETHERC0: LINKSTA
GLCDC0: LCD_DATA18
OPS0: GTOVLO
QSPI0: QIO3
SDHI0: DAT0
TRACE0: TDATA3",""
"P209","A7","","","","","Disabled","","","ETHERC0: EXOUT
ETHERC0: EXOUT
GLCDC0: LCD_DATA19
OPS0: GTOVUP
QSPI0: QIO2
SDHI0: WP
TRACE0: TDATA2",""
"P210","B7","","","","","Disabled","","","ETHERC0: WOL
ETHERC0: WOL
GLCDC0: LCD_DATA20
OPS0: GTIW
QSPI0: QIO1
SDHI0: CD
TRACE0: TDATA1",""
"P211","B8","","","","","Disabled","","","ETHERC0: MDIO
ETHERC0: MDIO
GLCDC0: LCD_DATA21
OPS0: GTIV
QSPI0: QIO0
SDHI0: CMD
TRACE0: TDATA0",""
"P212","G13","","","","","Disabled","","","AGT1: AGTEE
CGC0: EXTAL
GPT0: GTIOCB
IRQ0: IRQ03
POEG3: GTETRG
SCI1: RXD_MISO
SCI1: SCL",""
"P213","G12","","","","","Disabled","","","ADC1: ADTRG
CGC0: XTAL
GPT0: GTIOCA
IRQ0: IRQ02
POEG2: GTETRG
SCI1: SDA
SCI1: TXD_MOSI",""
"P214","A8","","","","","Disabled","","","ETHERC0: MDC
ETHERC0: MDC
GLCDC0: LCD_DATA22
OPS0: GTIU
QSPI0: QSPCLK
SDHI0: CLK
TRACE0: TCLK",""
"P300","B2","DEBUG0_TCK","","Low","","Peripheral mode","CMOS","None","DEBUG0: SWCLK
DEBUG0: TCK
GPT0: GTIOCA
OPS0: GTOUUP
SPI1: SSL1",""
"P301","C3","","","","","Disabled","","","AGT0: AGTIO
BUS0: A06
GLCDC0: LCD_DATA13
GPT4: GTIOCB
IRQ0: IRQ06
OPS0: GTOULO
SCI2: RXD_MISO
SCI2: SCL
SCI9: CTS_RTS_SS
SPI1: SSL2",""
"P302","A2","","","","","Disabled","","","BUS0: A07
GLCDC0: LCD_DATA14
GPT4: GTIOCA
IRQ0: IRQ05
OPS0: GTOUUP
SCI2: SDA
SCI2: TXD_MOSI
SPI1: SSL3",""
"P303","D5","","","","","Disabled","","","BUS0: A08
GLCDC0: LCD_DATA15
GPT7: GTIOCB",""
"P304","C4","","","","","Disabled","","","BUS0: A09
GLCDC0: LCD_DATA16
GPT7: GTIOCA
IRQ0: IRQ09
OPS0: GTOWLO
SCI6: RXD_MISO
SCI6: SCL",""
"P305","D6","","","","","Disabled","","","BUS0: A10
GLCDC0: LCD_DATA17
IRQ0: IRQ08
OPS0: GTOWUP
QSPI0: QSPCLK
SCI6: SDA
SCI6: TXD_MOSI",""
"P306","B4","","","","","Disabled","","","BUS0: A11
GLCDC0: LCD_DATA18
OPS0: GTOULO
QSPI0: QSSL
SCI6: SCK",""
"P307","A4","","","","","Disabled","","","BUS0: A12
GLCDC0: LCD_DATA19
OPS0: GTOUUP
QSPI0: QIO0
SCI6: CTS_RTS_SS",""
"P308","C5","","","","","Disabled","","","BUS0: A13
GLCDC0: LCD_DATA20
QSPI0: QIO1",""
"P309","A5","SCI3_RXD_MISO","","Low","","Peripheral mode","CMOS","None","BUS0: A14
GLCDC0: LCD_DATA21
QSPI0: QIO2
SCI3: RXD_MISO
SCI3: SCL",""
"P310","D7","SCI3_TXD_MOSI","","Low","","Peripheral mode","CMOS","None","AGT1: AGTEE
BUS0: A15
GLCDC0: LCD_DATA22
QSPI0: QIO3
SCI3: SDA
SCI3: TXD_MOSI",""
"P311","B5","","","","","Disabled","","","AGT1: AGTOB
BUS0: CS2_RAS
GLCDC0: LCD_DATA23
SCI3: SCK",""
"P312","C6","","","","","Disabled","","","AGT1: AGTOA
BUS0: CS3_CAS
SCI3: CTS_RTS_SS",""
"P313","B9","","","","","Disabled","","","BUS0: A20
ETHERC0: ERXD3
GLCDC0: LCD_TCON2
SDHI0: DAT7",""
"P400","N13","GPIO","ETH0_IRQ","","IRQ0","Input mode","","None","ADC1: ADTRG
AGT1: AGTIO
ETHERC0: WOL
ETHERC0: WOL
GPT6: GTIOCA
IIC0: SCL
IRQ0: IRQ00
SCI4: SCK
SCI7: SCK
SSI: AUDIO_CLK",""
"P401","L11","RMII_MDC","","High","None","Peripheral mode","CMOS","None","CAN0: CTX
ETHERC0: MDC
ETHERC0: MDC
GPT6: GTIOCB
IIC0: SDA
IRQ0: IRQ05
POEG0: GTETRG
SCI4: CTS_RTS_SS
SCI7: SDA
SCI7: TXD_MOSI",""
"P402","M13","RMII_MDIO","","High","None","Peripheral mode","CMOS","None","AGT0: AGTIO
AGT1: AGTIO
CAC0: CACREF
CAN0: CRX
ETHERC0: MDIO
ETHERC0: MDIO
IRQ0: IRQ04
PDC0: VSYNC
RTC0: RTCIC0
SCI7: RXD_MISO
SCI7: SCL
SSI: AUDIO_CLK",""
"P403","K11","","","","","Disabled","","","AGT0: AGTIO
AGT1: AGTIO
ETHERC0: LINKSTA
ETHERC0: LINKSTA
GPT3: GTIOCA
PDC0: PIXD7
RTC0: RTCIC1
SCI7: CTS_RTS_SS
SDHI1: DAT7
SSI0: SSISCK",""
"P404","L12","GPIO","ETH0_RST","Low","","Output mode (Initial Low)","CMOS","None","ETHERC0: EXOUT
ETHERC0: EXOUT
GPT3: GTIOCB
PDC0: PIXD6
RTC0: RTCIC2
SDHI1: DAT6
SSI0: SSIWS",""
"P405","L13","RMII_TXD_EN","","High","","Peripheral mode","CMOS","None","ETHERC0: TX_EN
ETHERC0: TXD_EN
GPT1: GTIOCA
PDC0: PIXD5
SDHI1: DAT5
SSI0: SSITXD",""
"P406","J10","RMII_TXD1","","High","","Peripheral mode","CMOS","None","ETHERC0: RX_ER
ETHERC0: TXD1
GPT1: GTIOCB
PDC0: PIXD4
SDHI1: DAT4
SPI1: SSL3
SSI0: SSIRXD",""
"P407","A13","USBFS0_VBUS","","Low","","Peripheral mode","CMOS","None","ADC0: ADTRG
AGT0: AGTIO
CTSU0: TS03
ETHERC0: EXOUT
ETHERC0: EXOUT
IIC0: SDA
RTC0: RTCOUT
SCI4: CTS_RTS_SS
SPI1: SSL3
USBFS0: VBUS",""
"P408","D10","","","","","Disabled","","","CTSU0: TS04
ETHERC0: CRS
ETHERC0: CRS_DV
GPT10: GTIOCB
IIC0: SCL
IRQ0: IRQ07
OPS0: GTOWLO
PDC0: PIXCLK
SCI3: RXD_MISO
SCI3: SCL
USBFS0: ID",""
"P409","B13","GPIO","INP2","","IRQ6","Input mode","","input pull-up","CTSU0: TS05
ETHERC0: RX_CLK
ETHERC0: RX_ER
GPT10: GTIOCA
IRQ0: IRQ06
OPS0: GTOWUP
PDC0: HSYNC
SCI3: SDA
SCI3: TXD_MOSI
USBFS0: EXICEN",""
"P410","C12","SCI0_RXD_MISO","","Low","None","Peripheral mode","CMOS","None","AGT1: AGTOB
CTSU0: TS06
ETHERC0: ERXD0
ETHERC0: RXD1
GPT9: GTIOCB
IRQ0: IRQ05
OPS0: GTOVLO
PDC0: PIXD0
SCI0: RXD_MISO
SCI0: SCL
SCI3: SCK
SDHI0: DAT1
SPI0: MISO",""
"P411","D11","SCI0_TXD_MOSI","","Low","None","Peripheral mode","CMOS","None","AGT1: AGTOA
CTSU0: TS07
ETHERC0: ERXD1
ETHERC0: RXD0
GPT9: GTIOCA
IRQ0: IRQ04
OPS0: GTOVUP
PDC0: PIXD1
SCI0: SDA
SCI0: TXD_MOSI
SCI3: CTS_RTS_SS
SDHI0: DAT0
SPI0: MOSI",""
"P412","C13","","","","","Disabled","","","AGT1: AGTEE
CTSU0: TS08
ETHERC0: ETXD0
ETHERC0: REF50CK
OPS0: GTOULO
PDC0: PIXD2
SCI0: SCK
SDHI0: CMD
SPI0: RSPCK",""
"P413","E10","","","","","Disabled","","","CTSU0: TS09
ETHERC0: ETXD1
ETHERC0: TXD0
OPS0: GTOUUP
PDC0: PIXD3
SCI0: CTS_RTS_SS
SDHI0: CLK
SPI0: SSL0",""
"P414","D12","","","","","Disabled","","","CTSU0: TS10
ETHERC0: RX_ER
ETHERC0: TXD1
GPT0: GTIOCB
IRQ0: IRQ09
PDC0: PIXD4
SDHI0: WP
SPI0: SSL1",""
"P415","E11","","","","","Disabled","","","CTSU0: TS11
ETHERC0: TX_EN
ETHERC0: TXD_EN
GPT0: GTIOCA
IRQ0: IRQ08
PDC0: PIXD5
SDHI0: CD
SPI0: SSL2
USBFS0: VBUSEN",""
"P500","K4","QSPI0_QSPCLK","","High","","Peripheral mode","CMOS","None","ADC0: AN16
AGT0: AGTOA
CMP0: IVREF0
GPT11: GTIOCA
OPS0: GTIU
QSPI0: QSPCLK
SDHI1: CLK
USBFS0: VBUSEN",""
"P501","M4","QSPI0_QSSL","","High","None","Peripheral mode","CMOS","None","ADC1: AN16
AGT0: AGTOB
CMP0: IVREF1
GPT11: GTIOCB
IRQ0: IRQ11
OPS0: GTIV
QSPI0: QSSL
SCI5: SDA
SCI5: TXD_MOSI
SDHI1: CMD
USBFS0: OVRCURA",""
"P502","L4","QSPI0_QIO0","","High","None","Peripheral mode","CMOS","None","ADC0: AN17
CMP0: IVCMP0
GPT12: GTIOCA
IRQ0: IRQ12
OPS0: GTIW
QSPI0: QIO0
SCI5: RXD_MISO
SCI5: SCL
SDHI1: DAT0
USBFS0: OVRCURB",""
"P503","K5","QSPI0_QIO1","","High","","Peripheral mode","CMOS","None","ADC1: AN17
GPT12: GTIOCB
POEG2: GTETRG
QSPI0: QIO1
SCI5: SCK
SCI6: CTS_RTS_SS
SDHI1: DAT1
USBFS0: EXICEN",""
"P504","L5","QSPI0_QIO2","","High","","Peripheral mode","CMOS","None","ADC0: AN18
BUS0: ALE
GPT13: GTIOCA
POEG3: GTETRG
QSPI0: QIO2
SCI5: CTS_RTS_SS
SCI6: SCK
SDHI1: DAT2
USBFS0: ID",""
"P505","K6","QSPI0_QIO3","","High","None","Peripheral mode","CMOS","None","ADC1: AN18
GPT13: GTIOCB
IRQ0: IRQ14
QSPI0: QIO3
SCI6: RXD_MISO
SCI6: SCL
SDHI1: DAT3",""
"P506","L6","","","","","Disabled","","","ADC0: AN19
IRQ0: IRQ15
SCI6: SDA
SCI6: TXD_MOSI
SDHI1: CD",""
"P508","N4","","","","","Disabled","","","ADC0: AN20
SCI5: SCK
SCI6: SCK",""
"P511","M12","IIC2_SDA","","Medium","None","Peripheral mode","n-ch open drain","None","CAN1: CRX
GPT0: GTIOCB
IIC2: SDA
IRQ0: IRQ15
PDC0: PCKO
SCI4: RXD_MISO
SCI4: SCL","BMC150, AMSENS210, MS563702BA03 on board sensors"
"P512","M11","IIC2_SCL","","Medium","None","Peripheral mode","n-ch open drain","None","CAN1: CTX
GPT0: GTIOCA
IIC2: SCL
IRQ0: IRQ14
PDC0: VSYNC
SCI4: SDA
SCI4: TXD_MOSI",""
"P600","H4","","","","","Disabled","","","BUS0: RD
CAC0: CACREF
CGC0: CLKOUT
GLCDC0: LCD_DATA02
GPT6: GTIOCB
SCI9: SCK",""
"P601","J2","","","","","Disabled","","","BUS0: WR_WR0_DQM0
GLCDC0: LCD_DATA03
GPT6: GTIOCA
SCI9: RXD_MISO
SCI9: SCL",""
"P602","J1","","","","","Disabled","","","BUS0: BCLK_SDCLK
GLCDC0: LCD_DATA04
GPT7: GTIOCB
SCI9: SDA
SCI9: TXD_MOSI",""
"P603","H3","","","","","Disabled","","","BUS0: D13_DQ13
GPT7: GTIOCA
SCI9: CTS_RTS_SS",""
"P604","G4","","","","","Disabled","","","BUS0: D12_DQ12
GPT8: GTIOCB",""
"P605","H2","","","","","Disabled","","","BUS0: D11_DQ11
GPT8: GTIOCA",""
"P608","F4","","","","","Disabled","","","BUS0: A00_BC0_DQM1
GLCDC0: LCD_DATA07
GPT4: GTIOCB",""
"P609","E2","","","","","Disabled","","","BUS0: CS1_CKE
CAN1: CTX
GLCDC0: LCD_DATA06
GPT5: GTIOCA",""
"P610","F3","","","","","Disabled","","","BUS0: CS0_WE
CAN1: CRX
GLCDC0: LCD_DATA05
GPT5: GTIOCB",""
"P611","E1","","","","","Disabled","","","BUS0: SDCS
CAC0: CACREF
CGC0: CLKOUT
SCI7: CTS_RTS_SS",""
"P612","F2","","","","","Disabled","","","BUS0: D8_DQ8
SCI7: SCK",""
"P613","F1","SCI7_TXD_MOSI","","Low","","Peripheral mode","CMOS","None","BUS0: D9_DQ9
SCI7: SDA
SCI7: TXD_MOSI",""
"P614","G3","SCI7_RXD_MISO","","Low","","Peripheral mode","CMOS","None","BUS0: D10_DQ10
SCI7: RXD_MISO
SCI7: SCL",""
"P700","H10","RMII_TXD0","","High","","Peripheral mode","CMOS","None","ETHERC0: ETXD1
ETHERC0: TXD0
GPT5: GTIOCA
PDC0: PIXD3
SDHI1: DAT3
SPI1: MISO",""
"P701","K12","RMII_REF50CK","","High","","Peripheral mode","CMOS","None","ETHERC0: ETXD0
ETHERC0: REF50CK
GPT5: GTIOCB
PDC0: PIXD2
SDHI1: DAT2
SPI1: MOSI",""
"P702","K13","RMII_RXD0","","High","","Peripheral mode","CMOS","None","ETHERC0: ERXD1
ETHERC0: RXD0
GPT6: GTIOCA
PDC0: PIXD1
SDHI1: DAT1
SPI1: RSPCK",""
"P703","J11","RMII_RXD1","","High","","Peripheral mode","CMOS","None","CMP0: VCOUT
ETHERC0: ERXD0
ETHERC0: RXD1
GPT6: GTIOCB
PDC0: PIXD0
SDHI1: DAT0
SPI1: SSL0",""
"P704","H11","RMII_RX_ER","","High","","Peripheral mode","CMOS","None","AGT0: AGTO
CAN0: CTX
ETHERC0: RX_CLK
ETHERC0: RX_ER
PDC0: HSYNC
SDHI1: CLK
SPI1: SSL1",""
"P705","G11","RMII_CRS_DV","","High","","Peripheral mode","CMOS","None","AGT0: AGTIO
CAN0: CRX
ETHERC0: CRS
ETHERC0: CRS_DV
PDC0: PIXCLK
SDHI1: CMD
SPI1: SSL2",""
"P708","D13","GPIO","PMOD_IRQ","","IRQ11","Input mode","","None","CAC0: CACREF
CTSU0: TS12
ETHERC0: ETXD3
IRQ0: IRQ11
PDC0: PCKO
SCI1: RXD_MISO
SCI1: SCL
SPI0: SSL3
SSI: AUDIO_CLK",""
"P709","F10","","","","","Disabled","","","CTSU0: TS13
ETHERC0: ETXD2
IRQ0: IRQ10
SCI1: SDA
SCI1: TXD_MOSI",""
"P710","E12","","","","","Disabled","","","CTSU0: TS14
ETHERC0: TX_ER
SCI1: SCK",""
"P711","E13","","","","","Disabled","","","AGT0: AGTEE
CTSU0: TS15
ETHERC0: TX_CLK
SCI1: CTS_RTS_SS",""
"P712","F11","","","","","Disabled","","","AGT0: AGTOB
CTSU0: TS16
GPT2: GTIOCB",""
"P713","G10","","","","","Disabled","","","AGT0: AGTOA
CTSU0: TS17
GPT2: GTIOCA",""
"P800","L2","","","","","Disabled","","","BUS0: D14_DQ14",""
"P801","N2","GPIO","PMOD_GPIO","Low","","Output mode (Initial High)","CMOS","None","BUS0: D15_DQ15
SDHI1: DAT4",""
"RES","C7","","","","","","","","",""
"USBDM","A12","USBFS0_USBDM","","","","","","","",""
"USBDP","B12","USBFS0_USBDP","","","","","","","",""
"VBAT","J12","","","","","","","","",""
"VCC","B3","","","","","","","","",""
"VCC","D8","","","","","","","","",""
"VCC","N3","","","","","","","","",""
"VCC","K2","","","","","","","","",""
"VCC","N5","","","","","","","","",""
"VCC","F13","","","","","","","","",""
"VCC","G1","","","","","","","","",""
"VCC","D2","","","","","","","","",""
"VCC","N12","","","","","","","","",""
"VCCUSB","A11","USBFS0_VCCUSB","","","","","","","",""
"VCL","J13","","","","","","","","",""
"VCL1","H1","","","","","","","","",""
"VREFH","N7","ADC_VREFH","","","","","","","",""
"VREFH0","N8","ADC_VREFH0","","","","","","","",""
"VREFL","M7","ADC_VREFL","","","","","","","",""
"VREFL0","M8","ADC_VREFL0","","","","","","","",""
"VSS","A3","","","","","","","","",""
"VSS","D9","","","","","","","","",""
"VSS","K1","","","","","","","","",""
"VSS","M3","","","","","","","","",""
"VSS","F12","","","","","","","","",""
"VSS","M5","","","","","","","","",""
"VSS","G2","","","","","","","","",""
"VSS","D1","","","","","","","","",""
"VSS","N11","","","","","","","","",""
"VSSUSB","B11","USBFS0_VSSUSB","","","","","","","",""
"XCIN","H13","CGC0_XCIN","","","","","","","",""
"XCOUT","H12","CGC0_XCOUT","","","","","","","",""
