<?xml version="1.0" encoding="UTF-8" standalone="no"?>
<synergyConfiguration version="3">
  <generalSettings>
    <option key="#Board#" value="board.s5d9_iot_enabler"/>
    <option key="CPU" value="S5D9"/>
    <option key="#TargetName#" value="R7FS5D97E2A01CLK"/>
    <option key="#TargetARCHITECTURE#" value="cortex-m4"/>
    <option key="#RTOS#" value="Express Logic ThreadX"/>
    <option key="#pinconfiguration#" value="S5D9-IOT-Enabler.pincfg"/>
    <option key="#SSPVersion#" value="1.3.0"/>
    <option key="#DefaultLinkerScript#" value="S5D9.ld"/>
    <option key="#ConfigurationFragments#" value="Renesas##BSP##Board##s5d9_iot##"/>
  </generalSettings>
  <synergyBspConfiguration>
    <config id="config.bsp.s5d9.R7FS5D97E2A01CLK">
      <property id="config.bsp.part_number" value="config.bsp.part_number.value"/>
      <property id="config.bsp.rom_size_bytes" value="config.bsp.rom_size_bytes.value"/>
      <property id="config.bsp.ram_size_bytes" value="config.bsp.ram_size_bytes.value"/>
      <property id="config.bsp.data_flash_size_bytes" value="config.bsp.data_flash_size_bytes.value"/>
      <property id="config.bsp.package_style" value="config.bsp.package_style.value"/>
      <property id="config.bsp.package_pins" value="config.bsp.package_pins.value"/>
    </config>
    <config id="config.bsp.s5d9">
      <property id="config.bsp.series" value="config.bsp.series.value"/>
    </config>
    <config id="config.bsp.s5d9.ssp">
      <property id="config.bsp.s5d9.ssp.OFS0" value="config.bsp.s5d9.ssp.OFS0_Register.default"/>
      <property id="config.bsp.s5d9.ssp.OFS0.iwdt_start_mode" value="config.bsp.s5d9.ssp.OFS0.iwdt_start_mode.disabled"/>
      <property id="config.bsp.s5d9.ssp.OFS0.iwdt_timeout" value="config.bsp.s5d9.ssp.OFS0.iwdt_timeout.2048"/>
      <property id="config.bsp.s5d9.ssp.OFS0.iwdt_divisor" value="config.bsp.s5d9.ssp.OFS0.iwdt_divisor.128"/>
      <property id="config.bsp.s5d9.ssp.OFS0.iwdt_window_end" value="config.bsp.s5d9.ssp.OFS0.iwdt_window_end.0"/>
      <property id="config.bsp.s5d9.ssp.OFS0.iwdt_window_start" value="config.bsp.s5d9.ssp.OFS0.iwdt_window_start.100"/>
      <property id="config.bsp.s5d9.ssp.OFS0.iwdt_reset_interrupt" value="config.bsp.s5d9.ssp.OFS0.iwdt_reset_interrupt.Reset"/>
      <property id="config.bsp.s5d9.ssp.OFS0.iwdt_stop_control" value="config.bsp.s5d9.ssp.OFS0.iwdt_stop_control.stops"/>
      <property id="config.bsp.s5d9.ssp.OFS0.wdt_start_mode" value="config.bsp.s5d9.ssp.OFS0.wdt_start_mode.register"/>
      <property id="config.bsp.s5d9.ssp.OFS0.wdt_timeout" value="config.bsp.s5d9.ssp.OFS0.wdt_timeout.16384"/>
      <property id="config.bsp.s5d9.ssp.OFS0.wdt_divisor" value="config.bsp.s5d9.ssp.OFS0.wdt_divisor.128"/>
      <property id="config.bsp.s5d9.ssp.OFS0.wdt_window_end" value="config.bsp.s5d9.ssp.OFS0.wdt_window_end.0"/>
      <property id="config.bsp.s5d9.ssp.OFS0.wdt_window_start" value="config.bsp.s5d9.ssp.OFS0.wdt_window_start.100"/>
      <property id="config.bsp.s5d9.ssp.OFS0.wdt_reset_interrupt" value="config.bsp.s5d9.ssp.OFS0.wdt_reset_interrupt.Reset"/>
      <property id="config.bsp.s5d9.ssp.OFS0.wdt_stop_control" value="config.bsp.s5d9.ssp.OFS0.wdt_stop_control.stops"/>
      <property id="config.bsp.s5d9.ssp.OFS1" value="config.bsp.s5d9.ssp.OFS1_Register.default"/>
      <property id="config.bsp.s5d9.ssp.OFS1.voltage_detection0.start" value="config.bsp.s5d9.ssp.OFS1.voltage_detection0.start.disabled"/>
      <property id="config.bsp.s5d9.ssp.OFS1.voltage_detection0_level" value="config.bsp.s5d9.ssp.OFS1.voltage_detection0_level.280"/>
      <property id="config.bsp.s5d9.ssp.OFS1.hoco_osc" value="config.bsp.s5d9.ssp.OFS1.hoco_osc.disabled"/>
      <property id="config.bsp.s5d9.ssp.mpu_pc0_enable" value="config.bsp.s5d9.ssp.mpu_pc0_enable.disabled"/>
      <property id="config.bsp.s5d9.ssp.mpu_pc0_start" value="0xFFFFFFFC"/>
      <property id="config.bsp.s5d9.ssp.mpu_pc0_end" value="0xFFFFFFFF"/>
      <property id="config.bsp.s5d9.ssp.mpu_pc1_enable" value="config.bsp.s5d9.ssp.mpu_pc1_enable.disabled"/>
      <property id="config.bsp.s5d9.ssp.mpu_pc1_start" value="0xFFFFFFFC"/>
      <property id="config.bsp.s5d9.ssp.mpu_pc1_end" value="0xFFFFFFFF"/>
      <property id="config.bsp.s5d9.ssp.mpu_reg0_enable" value="config.bsp.s5d9.ssp.mpu_reg0_enable.disabled"/>
      <property id="config.bsp.s5d9.ssp.mpu_reg0_start" value="0x00FFFFFC"/>
      <property id="config.bsp.s5d9.ssp.mpu_reg0_end" value="0x00FFFFFF"/>
      <property id="config.bsp.s5d9.ssp.mpu_reg1_enable" value="config.bsp.s5d9.ssp.mpu_reg1_enable.disabled"/>
      <property id="config.bsp.s5d9.ssp.mpu_reg1_start" value="0x200FFFFC"/>
      <property id="config.bsp.s5d9.ssp.mpu_reg1_end" value="0x200FFFFF"/>
      <property id="config.bsp.s5d9.ssp.mpu_reg2_enable" value="config.bsp.s5d9.ssp.mpu_reg2_enable.disabled"/>
      <property id="config.bsp.s5d9.ssp.mpu_reg2_start" value="0x407FFFFC"/>
      <property id="config.bsp.s5d9.ssp.mpu_reg2_end" value="0x407FFFFF"/>
      <property id="config.bsp.s5d9.ssp.mpu_reg3_enable" value="config.bsp.s5d9.ssp.mpu_reg3_enable.disabled"/>
      <property id="config.bsp.s5d9.ssp.mpu_reg3_start" value="0x400DFFFC"/>
      <property id="config.bsp.s5d9.ssp.mpu_reg3_end" value="0x407FFFFF"/>
    </config>
    <config id="config.bsp.synergy">
      <property id="config.bsp.common.main" value="0x1000"/>
      <property id="config.bsp.common.process" value="0"/>
      <property id="config.bsp.common.heap" value="0x1000"/>
      <property id="config.bsp.common.vcc" value="3300"/>
      <property id="config.bsp.common.checking" value="config.bsp.common.checking.enabled"/>
      <property id="config.bsp.common.assert" value="config.bsp.common.assert.none"/>
      <property id="config.bsp.common.error_log" value="config.bsp.common.error_log.none"/>
      <property id="config.bsp.common.id1" value="0xFFFFFFFF"/>
      <property id="config.bsp.common.id2" value="0xFFFFFFFF"/>
      <property id="config.bsp.common.id3" value="0xFFFFFFFF"/>
      <property id="config.bsp.common.id4" value="0xFFFFFFFF"/>
    </config>
  </synergyBspConfiguration>
  <synergyClockConfiguration>
    <node id="board.clock.xtal.freq" mul="12000000" option="_edit"/>
    <node id="board.clock.pll.source" option="board.clock.pll.source.xtal"/>
    <node id="board.clock.hoco.freq" option="board.clock.hoco.freq.20m"/>
    <node id="board.clock.loco.freq" option="board.clock.loco.freq.32768"/>
    <node id="board.clock.moco.freq" option="board.clock.moco.freq.8m"/>
    <node id="board.clock.subclk.freq" option="board.clock.subclk.freq.32768"/>
    <node id="board.clock.pll.div" option="board.clock.pll.div.1"/>
    <node id="board.clock.pll.mul" option="board.clock.pll.mul.200"/>
    <node id="board.clock.pll.display" option="board.clock.pll.display.value"/>
    <node id="board.clock.clock.source" option="board.clock.clock.source.pll"/>
    <node id="board.clock.iclk.div" option="board.clock.iclk.div.2"/>
    <node id="board.clock.iclk.display" option="board.clock.iclk.display.value"/>
    <node id="board.clock.pclka.div" option="board.clock.pclka.div.2"/>
    <node id="board.clock.pclka.display" option="board.clock.pclka.display.value"/>
    <node id="board.clock.pclkb.div" option="board.clock.pclkb.div.4"/>
    <node id="board.clock.pclkb.display" option="board.clock.pclkb.display.value"/>
    <node id="board.clock.pclkc.div" option="board.clock.pclkc.div.4"/>
    <node id="board.clock.pclkc.display" option="board.clock.pclkc.display.value"/>
    <node id="board.clock.pclkd.div" option="board.clock.pclkd.div.2"/>
    <node id="board.clock.pclkd.display" option="board.clock.pclkd.display.value"/>
    <node id="board.clock.sdclkout.div" option="board.clock.sdclkout.div.1"/>
    <node id="board.clock.sdclkout.display" option="board.clock.sdclkout.display.value"/>
    <node id="board.clock.bclk.div" option="board.clock.bclk.div.2"/>
    <node id="board.clock.bclk.display" option="board.clock.bclk.display.value"/>
    <node id="board.clock.bclkout.div" option="board.clock.bclkout.div.2"/>
    <node id="board.clock.bclkout.display" option="board.clock.bclkout.display.value"/>
    <node id="board.clock.uclk.div" option="board.clock.uclk.div.5"/>
    <node id="board.clock.uclk.display" option="board.clock.uclk.display.value"/>
    <node id="board.clock.fclk.div" option="board.clock.fclk.div.4"/>
    <node id="board.clock.fclk.display" option="board.clock.fclk.display.value"/>
  </synergyClockConfiguration>
  <synergyComponentSelection>
    <component apiversion="1.0.1" class="BSP" condition="" group="Board" subgroup="s5d9_iot" variant="" vendor="Renesas" version="1.3.0">
      <description>S5D9 IoT Fast Protyping Kit Board Support Files</description>
      <originalPack>Renesas.S5D9_IOT_BOARD.1.3.0.pack</originalPack>
    </component>
    <component apiversion="" class="BSP" condition="" group="s5d9" subgroup="device" variant="R7FS5D97E2A01CLK" vendor="Renesas" version="1.3.0">
      <description>Board support package for R7FS5D97E2A01CLK</description>
      <originalPack>Renesas.Synergy_mcu_s5d9.1.3.0.pack</originalPack>
    </component>
    <component apiversion="" class="BSP" condition="" group="s5d9" subgroup="device" variant="" vendor="Renesas" version="1.3.0">
      <description>Board support package for S5D9</description>
      <originalPack>Renesas.Synergy_mcu_s5d9.1.3.0.pack</originalPack>
    </component>
    <component apiversion="" class="BSP" condition="" group="s5d9" subgroup="ssp" variant="" vendor="Renesas" version="1.3.0">
      <description>Board support package for S5D9</description>
      <originalPack>Renesas.Synergy_mcu_s5d9.1.3.0.pack</originalPack>
    </component>
    <component apiversion="" class="Common" condition="" group="all" subgroup="ssp_common" variant="" vendor="Renesas" version="1.3.0">
      <description>SSP Common Code</description>
      <originalPack>Renesas.Synergy.1.3.0.pack</originalPack>
    </component>
    <component apiversion="" class="HAL Drivers" condition="" group="all" subgroup="r_cgc" variant="" vendor="Renesas" version="1.3.0">
      <description>Clock Generation Circuit: Provides=[CGC]</description>
      <originalPack>Renesas.Synergy.1.3.0.pack</originalPack>
    </component>
    <component apiversion="" class="HAL Drivers" condition="" group="all" subgroup="r_elc" variant="" vendor="Renesas" version="1.3.0">
      <description>Event Link Controller: Provides=[ELC]</description>
      <originalPack>Renesas.Synergy.1.3.0.pack</originalPack>
    </component>
    <component apiversion="" class="HAL Drivers" condition="" group="all" subgroup="r_fmi" variant="" vendor="Renesas" version="1.3.0">
      <description>Factory MCU Information Module: Provides=[FMI]</description>
      <originalPack>Renesas.Synergy.1.3.0.pack</originalPack>
    </component>
    <component apiversion="" class="HAL Drivers" condition="" group="all" subgroup="r_ioport" variant="" vendor="Renesas" version="1.3.0">
      <description>I/O Port: Provides=[IO Port]</description>
      <originalPack>Renesas.Synergy.1.3.0.pack</originalPack>
    </component>
    <component apiversion="" class="Framework Services" condition="" group="all" subgroup="sf_el_ux" variant="" vendor="Renesas" version="1.3.0">
      <description>Express Logic USBX Synergy Port: Provides=[USBX Driver] , Requires=[USBX ,Transfer]</description>
      <originalPack>Renesas.Synergy.1.3.0.pack</originalPack>
    </component>
    <component apiversion="" class="Framework Services" condition="" group="all" subgroup="sf_el_ux_comms_v2" variant="" vendor="Renesas" version="1.3.0">
      <description>USBX CDC ACM Device Communciations: Provides=[Communications] , Requires=[USBX ,ThreadX]</description>
      <originalPack>Renesas.Synergy.1.3.0.pack</originalPack>
    </component>
    <component apiversion="" class="Express Logic" condition="" group="all" subgroup="tx" variant="" vendor="Renesas" version="1.3.0">
      <description>Express Logic ThreadX: Provides=[ThreadX]</description>
      <originalPack>Renesas.Synergy.1.3.0.pack</originalPack>
    </component>
    <component apiversion="" class="Express Logic" condition="" group="all" subgroup="ux" variant="" vendor="Renesas" version="1.3.0">
      <description>Express Logic USBX: Provides=[USBX] , Requires=[ThreadX ,USBX Driver]</description>
      <originalPack>Renesas.Synergy.1.3.0.pack</originalPack>
    </component>
    <component apiversion="" class="Express Logic" condition="" group="all" subgroup="ux_device_class_cdc_acm" variant="" vendor="Renesas" version="1.3.0">
      <description>Express Logic USBX Device Class CDC ACM: Provides=[USBX Device Class CDC ACM] , Requires=[ThreadX ,USBX]</description>
      <originalPack>Renesas.Synergy.1.3.0.pack</originalPack>
    </component>
    <component apiversion="" class="HAL Drivers" condition="" group="all" subgroup="r_adc" variant="" vendor="Renesas" version="1.3.0">
      <description>A/D Converter: Provides=[ADC]</description>
      <originalPack>Renesas.Synergy.1.3.0.pack</originalPack>
    </component>
  </synergyComponentSelection>
  <synergyIcuConfiguration/>
  <synergyMessagingConfiguration/>
  <synergyModuleConfiguration>
    <module id="module.driver.cgc_on_cgc.0">
      <property id="module.driver.cgc.name" value="g_cgc"/>
    </module>
    <module id="module.driver.elc_on_elc.0">
      <property id="module.driver.elc.name" value="g_elc"/>
    </module>
    <module id="module.driver.ioport_on_ioport.0">
      <property id="module.driver.ioport.name" value="g_ioport"/>
    </module>
    <module id="module.driver.fmi_on_fmi.0">
      <property id="module.driver.fmi.name" value="g_fmi"/>
    </module>
    <module id="module.framework.sf_el_ux_comms_v2.1377931922">
      <property id="module.framework.sf_comms.name" value="g_sf_comms0"/>
      <property id="module.framework.sf_comms.init_function" value="sf_comms_init0"/>
      <property id="module.framework.sf_comms.init" value="module.framework.sf_comms.init.enable"/>
    </module>
    <module id="module.el.ux_device_class_cdc_acm_v2.236607413">
      <property id="module.el.ux_device_class_cdc_acm_v2.name" value="g_ux_device_class_cdc_acm0"/>
      <property id="module.el.ux_device_class_cdc_acm_v2.pfunc_activate" value="ux_cdc_device0_instance_activate"/>
      <property id="module.el.ux_device_class_cdc_acm_v2.pfunc_deactivate" value="ux_cdc_device0_instance_deactivate"/>
      <property id="module.el.ux_device_class_cdc_acm_v2.init_function" value="ux_device_class_cdc_acm_init0"/>
      <property id="module.el.ux_device_class_cdc_acm_v2.init" value="module.el.ux_device_class_cdc_acm_v2.init.enable"/>
    </module>
    <module id="module.el.ux_device.2043657678">
      <property id="module.el.ux_device.idVendor" value="0x045B"/>
      <property id="module.el.ux_device.idProduct" value="0x0000"/>
      <property id="module.el.ux_device.bcdDevice" value="0x0000"/>
      <property id="module.el.ux_device.iManufacturer" value="0x00"/>
      <property id="module.el.ux_device.iProduct" value="0x00"/>
      <property id="module.el.ux_device.iSerialNumber" value="0x00"/>
      <property id="module.el.ux_device.bDeviceClass" value="module.el.ux_device.bDeviceClass.misc"/>
      <property id="module.el.ux_device.iConfiguration" value="0x00"/>
      <property id="module.el.ux_device.wTotalLength" value="0x00"/>
      <property id="module.el.ux_device.bNumInterfaces" value="0x00"/>
      <property id="module.el.ux_device.bmAttributes_bit6" value="module.el.ux_device.bmAttributes_bit6.enable"/>
      <property id="module.el.ux_device.bmAttributes_bit5" value="module.el.ux_device.bmAttributes_bit5.disable"/>
      <property id="module.el.ux_device.bMaxPower" value="50"/>
      <property id="module.el.ux_device.language_code" value="0x0409"/>
      <property id="module.el.ux_device.string_descriptor.name" value="NULL"/>
      <property id="module.el.ux_device.string_descriptor.index" value="0"/>
      <property id="module.el.ux_device.language_descriptor.name" value="NULL"/>
      <property id="module.el.ux_device.language_descriptor.number" value="0"/>
      <property id="module.el.ux_device.init_function" value="ux_device_init0"/>
      <property id="module.el.ux_device.init" value="module.el.ux_device.init.enable"/>
    </module>
    <module id="module.el.ux_v2.2027943178">
      <property id="module.el.ux_v2.pool_memory_name" value="g_ux_pool_memory"/>
      <property id="module.el.ux_v2.pool_memory_size" value="18432"/>
      <property id="module.el.ux_v2.system_change_function" value="NULL"/>
      <property id="module.el.ux_v2.init_function" value="ux_common_init0"/>
      <property id="module.el.ux_v2.init" value="module.el.ux_v2.init.enable"/>
    </module>
    <module id="module.el.ux.interface_descriptor_cdcacm.cdc_acm.435991841">
      <property id="module.el.ux.interface_descriptor_cdcacm.name" value="g_usb_interface_desc_cdcacm_0"/>
      <property id="module.el.ux.interface_descriptor_cdcacm.bInterfaceNumber_comm" value="0x00"/>
      <property id="module.el.ux.interface_descriptor_cdcacm.ep_interrupt" value="module.el.ux.interface_descriptor_cdcacm.ep_interrupt.ep3"/>
      <property id="module.el.ux.interface_descriptor_cdcacm.bInterval" value="0x0F"/>
      <property id="module.el.ux.interface_descriptor_cdcacm.bInterfaceNumber_data" value="0x01"/>
      <property id="module.el.ux.interface_descriptor_cdcacm.ep_bulk_out" value="module.el.ux.interface_descriptor_cdcacm.ep_bulk_out.ep1"/>
      <property id="module.el.ux.interface_descriptor_cdcacm.ep_bulk_in" value="module.el.ux.interface_descriptor_cdcacm.ep_bulk_in.ep2"/>
      <property id="module.el.ux.interface_descriptor_cdcacm.iInterface_comm" value="0x00"/>
      <property id="module.el.ux.interface_descriptor_cdcacm.iInterface_data" value="0x00"/>
    </module>
    <module id="module.framework.sf_el_ux_dcd_fs.946129390">
      <property id="module.framework.sf_el_ux_dcd_fs.name" value="g_sf_el_ux_dcd_fs_0"/>
      <property id="module.framework.sf_el_ux_dcd_fs.hw_address" value="R_USBFS_BASE"/>
    </module>
    <module id="module.driver.adc_on_adc.473137957">
      <property id="module.driver.adc.name" value="g_adc"/>
      <property id="module.driver.adc.unit" value="0"/>
      <property id="module.driver.adc.resolution" value="module.driver.adc.resolution.resolution_12_bit"/>
      <property id="module.driver.adc.alignment" value="module.driver.adc.alignment.alignment_right"/>
      <property id="module.driver.adc.clearing" value="module.driver.adc.clearing.clear_after_read_on"/>
      <property id="module.driver.adc.mode" value="module.driver.adc.mode.mode_continuous_scan"/>
      <property id="module.driver.adc.scan_mask" value="module.driver.adc.scan_mask.default"/>
      <property id="module.driver.adc.channel_0" value="module.driver.adc.scan_mask.channel_0.unused"/>
      <property id="module.driver.adc.channel_1" value="module.driver.adc.channel_1.used"/>
      <property id="module.driver.adc.channel_2" value="module.driver.adc.scan_mask.channel_2.unused"/>
      <property id="module.driver.adc.channel_3" value="module.driver.adc.scan_mask.channel_3.unused"/>
      <property id="module.driver.adc.channel_4" value="module.driver.adc.scan_mask.channel_4.unused"/>
      <property id="module.driver.adc.channel_5" value="module.driver.adc.scan_mask.channel_5.unused"/>
      <property id="module.driver.adc.channel_6" value="module.driver.adc.scan_mask.channel_6.unused"/>
      <property id="module.driver.adc.channel_7" value="module.driver.adc.scan_mask.channel_7.unused"/>
      <property id="module.driver.adc.channel_8" value="module.driver.adc.scan_mask.channel_8.unused"/>
      <property id="module.driver.adc.channel_9" value="module.driver.adc.scan_mask.channel_9.unused"/>
      <property id="module.driver.adc.channel_10" value="module.driver.adc.scan_mask.channel_10.unused"/>
      <property id="module.driver.adc.channel_11" value="module.driver.adc.scan_mask.channel_11.unused"/>
      <property id="module.driver.adc.channel_12" value="module.driver.adc.scan_mask.channel_12.unused"/>
      <property id="module.driver.adc.channel_13" value="module.driver.adc.scan_mask.channel_13.unused"/>
      <property id="module.driver.adc.channel_14" value="module.driver.adc.scan_mask.channel_14.unused"/>
      <property id="module.driver.adc.channel_15" value="module.driver.adc.scan_mask.channel_15.unused"/>
      <property id="module.driver.adc.channel_16" value="module.driver.adc.scan_mask.channel_16.unused"/>
      <property id="module.driver.adc.channel_17" value="module.driver.adc.scan_mask.channel_17.unused"/>
      <property id="module.driver.adc.channel_18" value="module.driver.adc.scan_mask.channel_18.unused"/>
      <property id="module.driver.adc.channel_19" value="module.driver.adc.scan_mask.channel_19.unused"/>
      <property id="module.driver.adc.channel_20" value="module.driver.adc.scan_mask.channel_20.unused"/>
      <property id="module.driver.adc.channel_21" value="module.driver.adc.scan_mask.channel_21.unused"/>
      <property id="module.driver.adc.channel_22" value="module.driver.adc.scan_mask.channel_22.unused"/>
      <property id="module.driver.adc.channel_23" value="module.driver.adc.scan_mask.channel_23.unused"/>
      <property id="module.driver.adc.channel_24" value="module.driver.adc.scan_mask.channel_24.unused"/>
      <property id="module.driver.adc.channel_25" value="module.driver.adc.scan_mask.channel_25.unused"/>
      <property id="module.driver.adc.channel_26" value="module.driver.adc.scan_mask.channel_26.unused"/>
      <property id="module.driver.adc.channel_27" value="module.driver.adc.scan_mask.channel_27.unused"/>
      <property id="module.driver.adc.channel_temperature" value="module.driver.adc.scan_mask.channel_temperature.unused"/>
      <property id="module.driver.adc.channel_voltage" value="module.driver.adc.scan_mask.channel_voltage.unused"/>
      <property id="module.driver.adc.trigger" value="module.driver.adc.trigger.trigger_software"/>
      <property id="module.driver.adc.trigger_group_b" value="module.driver.adc.trigger_group_b.trigger_sync_elc"/>
      <property id="module.driver.adc.priority_group_a" value="module.driver.adc.priority_group_a.group_a_priority_off"/>
      <property id="module.driver.adc.add_average_count" value="module.driver.adc.add_average_count.add_off"/>
      <property id="module.driver.adc.add_mask" value="module.driver.adc.add_mask.default"/>
      <property id="module.driver.adc.add_mask.channel_0" value="module.driver.adc.add_mask.channel_0.unused"/>
      <property id="module.driver.adc.add_mask.channel_1" value="module.driver.adc.add_mask.channel_1.unused"/>
      <property id="module.driver.adc.add_mask.channel_2" value="module.driver.adc.add_mask.channel_2.unused"/>
      <property id="module.driver.adc.add_mask.channel_3" value="module.driver.adc.add_mask.channel_3.unused"/>
      <property id="module.driver.adc.add_mask.channel_4" value="module.driver.adc.add_mask.channel_4.unused"/>
      <property id="module.driver.adc.add_mask.channel_5" value="module.driver.adc.add_mask.channel_5.unused"/>
      <property id="module.driver.adc.add_mask.channel_6" value="module.driver.adc.add_mask.channel_6.unused"/>
      <property id="module.driver.adc.add_mask.channel_7" value="module.driver.adc.add_mask.channel_7.unused"/>
      <property id="module.driver.adc.add_mask.channel_8" value="module.driver.adc.add_mask.channel_8.unused"/>
      <property id="module.driver.adc.add_mask.channel_9" value="module.driver.adc.add_mask.channel_9.unused"/>
      <property id="module.driver.adc.add_mask.channel_10" value="module.driver.adc.add_mask.channel_10.unused"/>
      <property id="module.driver.adc.add_mask.channel_11" value="module.driver.adc.add_mask.channel_11.unused"/>
      <property id="module.driver.adc.add_mask.channel_12" value="module.driver.adc.add_mask.channel_12.unused"/>
      <property id="module.driver.adc.add_mask.channel_13" value="module.driver.adc.add_mask.channel_13.unused"/>
      <property id="module.driver.adc.add_mask.channel_14" value="module.driver.adc.add_mask.channel_14.unused"/>
      <property id="module.driver.adc.add_mask.channel_15" value="module.driver.adc.add_mask.channel_15.unused"/>
      <property id="module.driver.adc.add_mask.channel_16" value="module.driver.adc.add_mask.channel_16.unused"/>
      <property id="module.driver.adc.add_mask.channel_17" value="module.driver.adc.add_mask.channel_17.unused"/>
      <property id="module.driver.adc.add_mask.channel_18" value="module.driver.adc.add_mask.channel_18.unused"/>
      <property id="module.driver.adc.add_mask.channel_19" value="module.driver.adc.add_mask.channel_19.unused"/>
      <property id="module.driver.adc.add_mask.channel_20" value="module.driver.adc.add_mask.channel_20.unused"/>
      <property id="module.driver.adc.add_mask.channel_21" value="module.driver.adc.add_mask.channel_21.unused"/>
      <property id="module.driver.adc.add_mask.channel_22" value="module.driver.adc.add_mask.channel_22.unused"/>
      <property id="module.driver.adc.add_mask.channel_23" value="module.driver.adc.add_mask.channel_23.unused"/>
      <property id="module.driver.adc.add_mask.channel_24" value="module.driver.adc.add_mask.channel_24.unused"/>
      <property id="module.driver.adc.add_mask.channel_25" value="module.driver.adc.add_mask.channel_25.unused"/>
      <property id="module.driver.adc.add_mask.channel_26" value="module.driver.adc.add_mask.channel_26.unused"/>
      <property id="module.driver.adc.add_mask.channel_27" value="module.driver.adc.add_mask.channel_27.unused"/>
      <property id="module.driver.adc.add_mask.channel_temperature" value="module.driver.adc.add_mask.channel_temperature.unused"/>
      <property id="module.driver.adc.add_mask.channel_voltage" value="module.driver.adc.add_mask.channel_voltage.unused"/>
      <property id="module.driver.adc.sample_hold_mask" value="module.driver.adc.sample_hold_mask.default"/>
      <property id="module.driver.adc.sample_hold_mask.channel_0" value="module.driver.adc.sample_hold_mask.channel_0.unused"/>
      <property id="module.driver.adc.sample_hold_mask.channel_1" value="module.driver.adc.sample_hold_mask.channel_1.unused"/>
      <property id="module.driver.adc.sample_hold_mask.channel_2" value="module.driver.adc.sample_hold_mask.channel_2.unused"/>
      <property id="module.driver.adc.sample_hold_states" value="24"/>
      <property id="module.driver.adc.p_callback" value="NULL"/>
      <property id="module.driver.adc.scan_end_ipl" value="board.icu.common.irq.disabled"/>
      <property id="module.driver.adc.scan_end_b_ipl" value="board.icu.common.irq.disabled"/>
    </module>
    <context id="_hal.0">
      <stack module="module.driver.elc_on_elc.0"/>
      <stack module="module.driver.fmi_on_fmi.0"/>
      <stack module="module.driver.ioport_on_ioport.0"/>
      <stack module="module.driver.cgc_on_cgc.0"/>
    </context>
    <context id="rtos.threadx.thread.1474798402">
      <property id="_symbol" value="system_thread"/>
      <property id="rtos.threadx.thread.name" value="System Thread"/>
      <property id="rtos.threadx.thread.stack" value="1024"/>
      <property id="rtos.threadx.thread.priority" value="15"/>
      <property id="rtos.threadx.thread.autostart" value="rtos.threadx.thread.autostart.enabled"/>
      <property id="rtos.threadx.thread.timeslice" value="1"/>
      <stack module="module.framework.sf_el_ux_comms_v2.1377931922">
        <stack module="module.el.ux_device_class_cdc_acm_v2.236607413" requires="module.framework.sf_el_ux_comms_v2.requires.ux_device_class_cdc_acm_v2">
          <stack module="module.el.ux_device.2043657678" requires="module.el.ux_device_class_cdc_acm_v2.requires.ux_device">
            <stack module="module.framework.sf_el_ux_dcd_fs.946129390" requires="module.el.ux_device.requires.sf_el_ux_dcd"/>
            <stack module="module.el.ux_v2.2027943178" requires="module.el.ux_device.requires.ux_v2"/>
          </stack>
          <stack module="module.el.ux.interface_descriptor_cdcacm.cdc_acm.435991841" requires="module.el.ux_device_class_cdc_acm_v2.requires.interface_descriptor_cdcacm"/>
        </stack>
      </stack>
      <stack module="module.driver.adc_on_adc.473137957"/>
    </context>
    <config id="config.el.ux_v2"/>
    <config id="config.framework.sf_el_ux_comms_v2">
      <property id="config.framework.sf_comms.param_checking_enable" value="config.framework.sf_comms.param_checking_enable.bsp"/>
      <property id="config.framework.sf_comms.read_size" value="128"/>
      <property id="config.framework.sf_comms.timeout" value="1000"/>
    </config>
    <config id="config.driver.cgc">
      <property id="config.driver.cgc.param_checking_enable" value="config.driver.cgc.param_checking_enable.bsp"/>
      <property id="config.driver.cgc.main_osc_wait" value="config.driver.cgc.main_osc_wait.wait_8163"/>
      <property id="config.driver.cgc.main_osc_clock_source" value="config.driver.cgc.main_osc_clock_source.crystal"/>
      <property id="config.driver.cgc.osc_stop_det_used" value="config.driver.cgc.osc_stop_det_used.enabled"/>
      <property id="config.driver.cgc.subclock_drive" value="config.driver.cgc.subclock_drive.standard"/>
      <property id="config.driver.cgc.low_voltage_mode" value="config.driver.cgc.low_voltage_mode.disabled"/>
    </config>
    <config id="config.driver.ioport">
      <property id="config.driver.ioport.checking" value="config.driver.ioport.checking.system"/>
    </config>
    <config id="config.threadx.thread"/>
    <config id="config.driver.adc">
      <property id="config.driver.adc.param_checking_enable" value="config.driver.adc.param_checking_enable.enabled"/>
    </config>
    <config id="config.framework.sf_el_ux">
      <property id="config.framework.sf_el_ux.VBUSENpin_logic" value="config.framework.sf_el_ux.VBUSENpin_logic.active_high"/>
      <property id="config.framework.sf_el_ux.hs_irq_ipl" value="board.icu.common.irq.disabled"/>
      <property id="config.framework.sf_el_ux.fs_irq_ipl" value="board.icu.common.irq.disabled"/>
    </config>
    <config id="config.framework.sf_el_ux_hcd_hs">
      <property id="config.framework.sf_el_ux_hcd_hs.irq_ipl" value="board.icu.common.irq.disabled"/>
      <property id="config.framework.sf_el_ux_hcd_hs.fifo_size" value="config.framework.sf_el_ux_hcd_hs.fifo_size.normal"/>
      <property id="config.framework.sf_el_ux_hcd_hs.VBUSENpin_logic" value="config.framework.sf_el_ux_hcd_hs.VBUSENpin_logic.active_high"/>
      <property id="config.framework.sf_el_ux_hcd_hs.hs_bit" value="config.framework.sf_el_ux_hcd_hs.hs_bit.bitset_high"/>
    </config>
    <config id="config.framework.sf_el_ux_hcd_fs">
      <property id="config.framework.sf_el_ux_hcd_fs.irq_ipl" value="board.icu.common.irq.disabled"/>
      <property id="config.framework.sf_el_ux_hcd_fs.VBUSENpin_logic" value="config.framework.sf_el_ux_hcd_fs.VBUSENpin_logic.active_high"/>
    </config>
    <config id="config.framework.sf_el_ux_dcd_hs">
      <property id="config.framework.sf_el_ux_dcd_hs.irq_ipl" value="board.icu.common.irq.disabled"/>
    </config>
    <config id="config.framework.sf_el_ux_dcd_fs">
      <property id="config.framework.sf_el_ux_dcd_fs.irq_ipl" value="board.icu.common.irq.priority3"/>
    </config>
    <config id="config.driver.fmi">
      <property id="config.driver.fmi.param_checking_enable" value="config.driver.fmi.param_checking_enable.bsp"/>
      <property id="config.driver.fmi.custom_base_address_symbol" value="g_fmi_data"/>
      <property id="config.driver.fmi.part_number_mask" value="0xFE00"/>
    </config>
    <config id="config.driver.elc">
      <property id="config.driver.elc.checking" value="config.driver.elc.checking.system"/>
    </config>
  </synergyModuleConfiguration>
  <synergyPinConfiguration>
    <pincfg active="false" name="R7FS5D97E2A01CLK.pincfg" symbol="g_bsp_pin_cfg"/>
    <pincfg active="true" name="S5D9-IOT-Enabler.pincfg" symbol="g_bsp_pin_cfg"/>
  </synergyPinConfiguration>
</synergyConfiguration>
